data,time_start,time_stop,count_move,caps_num,size_rect,count_rect,screen
20200101,010101,010101,0,0.0,0,0,none
20200426,174616,181620,17598,1810378.0000000002,25412.0,65,20200426-174616-181620.jpg
20200426,181626,184630,0,1810488.0,0,0,none
20200426,184636,191641,0,1810656.0000000002,0,0,none
20200426,191647,194652,0,1687613.0,0,0,none
20200426,194659,201700,0,209252.0,0,0,none
20200426,201707,204710,18060,1809421.0,16586.5,21,20200426-201707-204710.jpg
