data,time_start,time_stop,count_move,caps_num,size_rect,count_rect,screen
20200101,010101,010101,0,0.0,0,0,none
20210111,194012,195015,8092,50.333333333333336,12,14,20210111-194012-195015.jpg
20210111,195021,200024,5733,47.922222222222224,12,13,20210111-195021-200024.jpg
