data,time_start,time_stop,count_move,caps_num,screen
20200101,010101,010101,0,0.0,none
20200420,000738,001742,0,610000.0,none
20200420,101748,102752,0,609660.0000000001,none
20200420,102756,103757,6581,607552.0,20200420-102756-103757.jpg
20200420,103803,104805,11270,607960.0,20200420-103803-104805.jpg
20200420,104811,105813,7420,607714.0,20200420-104811-105813.jpg
20200420,105819,110821,11721,607879.0,20200420-105819-110821.jpg
20200420,110827,111828,9890,607559.0000000001,20200420-110827-111828.jpg
20200420,111835,112836,10085,607734.0,20200420-111835-112836.jpg
